
> sanity-bot@1.0.0 test
> cross-env NODE_ENV=test node --test --test-concurrency=1 tests/*.test.js

TAP version 13
# Subtest: explicit bot-only renderer role permits badge embeds when a managed bot role is absent
ok 1 - explicit bot-only renderer role permits badge embeds when a managed bot role is absent
  ---
  duration_ms: 4.5647
  ...
# Subtest: disabled projection never fetches Discord or ownership; config requires separate exact role IDs
ok 2 - disabled projection never fetches Discord or ownership; config requires separate exact role IDs
  ---
  duration_ms: 3.9856
  ...
# Subtest: ownership grants exact badge role, replay is no-op, missing ownership removes only its configured role
ok 3 - ownership grants exact badge role, replay is no-op, missing ownership removes only its configured role
  ---
  duration_ms: 1.0573
  ...
# Subtest: role failure is retryable from durable ownership; dangerous roles and permission failures never write
ok 4 - role failure is retryable from durable ownership; dangerous roles and permission failures never write
  ---
  duration_ms: 1.5322
  ...
# Subtest: explicit emoji setup allows only collector and managed bot role; invalid setup makes no edit
ok 5 - explicit emoji setup allows only collector and managed bot role; invalid setup makes no edit
  ---
  duration_ms: 0.8482
  ...
# Subtest: completing a character awards once atomically, survives reconstruction and seasonal participant deletion
ok 6 - completing a character awards once atomically, survives reconstruction and seasonal participant deletion
  ---
  duration_ms: 291.4793
  ...
# Subtest: latest Spooky badge is guild-scoped, persistent, and defaults to Selene
ok 7 - latest Spooky badge is guild-scoped, persistent, and defaults to Selene
  ---
  duration_ms: 30.4654
  ...
# Subtest: shared renderer distinguishes missing/earned badges and resolves only usable Selene server emoji
ok 8 - shared renderer distinguishes missing/earned badges and resolves only usable Selene server emoji
  ---
  duration_ms: 0.5777
  ...
# Subtest: badge leaderboard and profile field use permanent ownership independent of seasonal registration
ok 9 - badge leaderboard and profile field use permanent ownership independent of seasonal registration
  ---
  duration_ms: 1167.5455
  ...
# Subtest: owner guard rejects moderators/administrators/bots/foreign guild and missing configuration
ok 10 - owner guard rejects moderators/administrators/bots/foreign guild and missing configuration
  ---
  duration_ms: 3.7455
  ...
# Subtest: stale Fate confirmation clicks are acknowledged without loading database models
ok 11 - stale Fate confirmation clicks are acknowledged without loading database models
  ---
  duration_ms: 1521.7308
  ...
# Subtest: legacy shop, Fate management and achievement writes deny other admins before touching storage
ok 12 - legacy shop, Fate management and achievement writes deny other admins before touching storage
  ---
  duration_ms: 23.46
  ...
# Subtest: Discord omissions preserve false defaults and empty lists while enforcing supplied constraints
ok 13 - Discord omissions preserve false defaults and empty lists while enforcing supplied constraints
  ---
  duration_ms: 3.3043
  ...
# Subtest: strict deployment arguments reject typos, mixtures and missing hashes before environment or REST
ok 14 - strict deployment arguments reject typos, mixtures and missing hashes before environment or REST
  ---
  duration_ms: 2.6026
  ...
# Subtest: actual registry builders fail closed for incomplete exports, duplicate names and unreviewed inactive files
ok 15 - actual registry builders fail closed for incomplete exports, duplicate names and unreviewed inactive files
  ---
  duration_ms: 1629.2677
  ...
# Subtest: default deployment plans and snapshots live-only removals; apply binds definitions and live versions
ok 16 - default deployment plans and snapshots live-only removals; apply binds definitions and live versions
  ---
  duration_ms: 3.9082
  ...
# Subtest: malformed registries or snapshot failures never send a bulk overwrite; unexpected response reports saved state
ok 17 - malformed registries or snapshot failures never send a bulk overwrite; unexpected response reports saved state
  ---
  duration_ms: 2.4497
  ...
# Subtest: full offline registry keeps active HEAD commands and includes new badge and Spooky definitions
ok 18 - full offline registry keeps active HEAD commands and includes new badge and Spooky definitions
  ---
  duration_ms: 2082.8313
  ...
# Subtest: offline loader rejects unexpected imports and attempts to execute model helpers
ok 19 - offline loader rejects unexpected imports and attempts to execute model helpers
  ---
  duration_ms: 4.2317
  ...
# Subtest: registry validation rejects duplicate commands and duplicate options
ok 20 - registry validation rejects duplicate commands and duplicate options
  ---
  duration_ms: 1.2804
  ...
# Subtest: configured community recipients preserve the verified existing Unwanted Fate role in each guild
ok 21 - configured community recipients preserve the verified existing Unwanted Fate role in each guild
  ---
  duration_ms: 27.4077
  ...
# Subtest: shared channel baseline uses existing text/forums and excludes prior Spooky, administration, bot-test and party channels
ok 22 - shared channel baseline uses existing text/forums and excludes prior Spooky, administration, bot-test and party channels
  ---
  duration_ms: 0.8856
  ...
# Subtest: existing mixed-use community channels count ordinary chat while slash output and unlisted private-party chat do not
ok 23 - existing mixed-use community channels count ordinary chat while slash output and unlisted private-party chat do not
  ---
  duration_ms: 2.039
  ...
# Subtest: launch configuration is explicit, disabled in unselected environments and refuses missing roles/channels
ok 24 - launch configuration is explicit, disabled in unselected environments and refuses missing roles/channels
  ---
  duration_ms: 27.2689
  ...
# Subtest: cooldown spans midnight, user/day cap resets at Pacific midnight and rejected message replays remain rejected
ok 25 - cooldown spans midnight, user/day cap resets at Pacific midnight and rejected message replays remain rejected
  ---
  duration_ms: 268.1883
  ...
# Subtest: simultaneous messages respect 24 server points and durable replay never earns twice
ok 26 - simultaneous messages respect 24 server points and durable replay never earns twice
  ---
  duration_ms: 214.2264
  ...
# Subtest: a communal level credits every current campaign player once, caps Fate without touching Bank, and keeps flat XP progression
ok 27 - a communal level credits every current campaign player once, caps Fate without touching Bank, and keeps flat XP progression
  ---
  duration_ms: 57.9182
  ...
# Subtest: roster/network or invalid wallet failure rolls back XP and all rewards; retry survives service recreation
ok 28 - roster/network or invalid wallet failure rolls back XP and all rewards; retry survives service recreation
  ---
  duration_ms: 50.8244
  ...
# Subtest: disabled and wrong guild paths create no community state
ok 29 - disabled and wrong guild paths create no community state
  ---
  duration_ms: 8.0783
  ...
# Subtest: actual disk reopen preserves daily counts, saved rewards and replay without recreating tables
ok 30 - actual disk reopen preserves daily counts, saved rewards and replay without recreating tables
  ---
  duration_ms: 111.6177
  ...
# Subtest: new launch purchase policy is selected only for the explicitly activated environment
ok 31 - new launch purchase policy is selected only for the explicitly activated environment
  ---
  duration_ms: 10.4858
  ...
# Subtest: only configured public shared text channels/threads count; parties, private threads, commands and bots never do
ok 32 - only configured public shared text channels/threads count; parties, private threads, commands and bots never do
  ---
  duration_ms: 2.7166
  ...
# Subtest: fresh campaign roster includes noncontributors and excludes spectators, inactive players and bots
ok 33 - fresh campaign roster includes noncontributors and excludes spectators, inactive players and bots
  ---
  duration_ms: 1.9657
  ...
# Subtest: campaign roster uses all REST pages and aborts incomplete/repeating pagination
ok 34 - campaign roster uses all REST pages and aborts incomplete/repeating pagination
  ---
  duration_ms: 10.0882
  ...
# Subtest: default is development; database paths are independent of working directory
ok 35 - default is development; database paths are independent of working directory
  ---
  duration_ms: 2.721
  ...
# Subtest: unknown environments fail closed
ok 36 - unknown environments fail closed
  ---
  duration_ms: 0.6235
  ...
# Subtest: test environment is always memory-only and cannot load Discord credentials
ok 37 - test environment is always memory-only and cannot load Discord credentials
  ---
  duration_ms: 0.4833
  ...
# Subtest: selected file overrides inherited credentials and removes other-environment keys
ok 38 - selected file overrides inherited credentials and removes other-environment keys
  ---
  duration_ms: 23.5348
  ...
# Subtest: missing selected credentials cannot fall back to inherited values
ok 39 - missing selected credentials cannot fall back to inherited values
  ---
  duration_ms: 4.8245
  ...
# Subtest: development and production cannot use the same guild
ok 40 - development and production cannot use the same guild
  ---
  duration_ms: 5.806
  ...
# Subtest: missing files and conflicting file environments fail before mutation
ok 41 - missing files and conflicting file environments fail before mutation
  ---
  duration_ms: 5.2422
  ...
# Subtest: actual Sequelize adapter uses disposable memory databases with isolated state
ok 42 - actual Sequelize adapter uses disposable memory databases with isolated state
  ---
  duration_ms: 523.8946
  ...
# Subtest: event registration is absent outside its exact window and inactive Winter adds no commands
ok 43 - event registration is absent outside its exact window and inactive Winter adds no commands
  ---
  duration_ms: 1632.0806
  ...
# Subtest: expiry deletes only owned event commands and preserves unrelated/server-only commands; repeated cleanup is safe
ok 44 - expiry deletes only owned event commands and preserves unrelated/server-only commands; repeated cleanup is safe
  ---
  duration_ms: 1.9046
  ...
# Subtest: cleanup refuses the wrong application and keeps failed deletion eligible for retry
ok 45 - cleanup refuses the wrong application and keeps failed deletion eligible for retry
  ---
  duration_ms: 1.654
  ...
# Subtest: rerolls cost ten and exhaust Bank before combining normal Fate
ok 46 - rerolls cost ten and exhaust Bank before combining normal Fate
  ---
  duration_ms: 3.475
  ...
# Subtest: ordinary purchases cannot spend Bank; only explicitly exceptional overflow banks
ok 47 - ordinary purchases cannot spend Bank; only explicitly exceptional overflow banks
  ---
  duration_ms: 389.7858
  ...
# Subtest: real reroll command combines Bank and Fate, then reports insufficient funds without a second debit
ok 48 - real reroll command combines Bank and Fate, then reports insufficient funds without a second debit
  ---
  duration_ms: 1427.827
  ...
# Subtest: production excludes Discord bots and Bots-role humans; explicit development permits both
ok 49 - production excludes Discord bots and Bots-role humans; explicit development permits both
  ---
  duration_ms: 2.4643
  ...
# Subtest: Admin label follows configured role or exact Admin role name, not unrelated roles
ok 50 - Admin label follows configured role or exact Admin role name, not unrelated roles
  ---
  duration_ms: 0.311
  ...
# Subtest: runtime snapshot marks Bots-role targets excluded before gameplay sees the roster
ok 51 - runtime snapshot marks Bots-role targets excluded before gameplay sees the roster
  ---
  duration_ms: 1518.4844
  ...
# Subtest: command dispatch rejects Bots-role actors and targets in production, permits development
ok 52 - command dispatch rejects Bots-role actors and targets in production, permits development
  ---
  duration_ms: 4.343
  ...
# Subtest: Spooky channel and threads award no XP/Fate while cursed messages still run
ok 53 - Spooky channel and threads award no XP/Fate while cursed messages still run
  ---
  duration_ms: 1336.2858
  ...
# Error updating community progression: Community test unavailable
# Error updating chat progression: message.author.displayAvatarURL is not a function
# Subtest: community launch preserves personal XP but replaces personal Fate; pipeline failure does not block seasonal processing
ok 54 - community launch preserves personal XP but replaces personal Fate; pipeline failure does not block seasonal processing
  ---
  duration_ms: 19.2375
  ...
# Subtest: slash commands, interaction messages and bot/webhook output cannot award message XP anywhere
ok 55 - slash commands, interaction messages and bot/webhook output cannot award message XP anywhere
  ---
  duration_ms: 7.2381
  ...
# Subtest: ordinary chat outside Spooky keeps legacy XP and selected-guild isolation
ok 56 - ordinary chat outside Spooky keeps legacy XP and selected-guild isolation
  ---
  duration_ms: 14.3779
  ...
# Subtest: progress uses live per-level XP threshold and bounds the bar
ok 57 - progress uses live per-level XP threshold and bounds the bar
  ---
  duration_ms: 2.7935
  ...
# Subtest: badge strip is newest first with deterministic ties and no unknown ownership
ok 58 - badge strip is newest first with deterministic ties and no unknown ownership
  ---
  duration_ms: 14.2307
  ...
# Subtest: large badge catalog displays only ten newest owned badges
ok 59 - large badge catalog displays only ten newest owned badges
  ---
  duration_ms: 1.0676
  ...
# Subtest: renderer produces PNG for Unicode/XML names, empty badges and overflow XP
ok 60 - renderer produces PNG for Unicode/XML names, empty badges and overflow XP
  ---
  duration_ms: 340.2965
  ...
# Subtest: image fetch restricts hosts, size and redirects
ok 61 - image fetch restricts hosts, size and redirects
  ---
  duration_ms: 24.604
  ...
# Subtest: profile reads existing and absent players without writes and sends PNG attachment
ok 62 - profile reads existing and absent players without writes and sends PNG attachment
  ---
  duration_ms: 124.0744
  ...
# Subtest: missing badges/avatar permit card and render failure closes deferred response
ok 63 - missing badges/avatar permit card and render failure closes deferred response
  ---
  duration_ms: 7.4719
  ...
# Subtest: member option uses their wallet and guild-scoped newest badges
ok 64 - member option uses their wallet and guild-scoped newest badges
  ---
  duration_ms: 8.0547
  ...
# Subtest: profile definition supports optional member and disables DMs
ok 65 - profile definition supports optional member and disables DMs
  ---
  duration_ms: 4.4817
  ...
# Subtest: Admin card label comes from the selected member role
ok 66 - Admin card label comes from the selected member role
  ---
  duration_ms: 5.8486
  ...
# Subtest: profile shows only selected member ownership, regardless of available server badges/emojis
ok 67 - profile shows only selected member ownership, regardless of available server badges/emojis
  ---
  duration_ms: 16.0324
  ...
# Subtest: profile wrapper rejects production and wrong guild before loading storage
ok 68 - profile wrapper rejects production and wrong guild before loading storage
  ---
  duration_ms: 0.873
  ...
# Subtest: profile is available to runtime and registration only in explicit development
ok 69 - profile is available to runtime and registration only in explicit development
  ---
  duration_ms: 1144.4447
  ...
# Subtest: merged deployment registry keeps Spooky in both environments and profile only in development
ok 70 - merged deployment registry keeps Spooky in both environments and profile only in development
  ---
  duration_ms: 431.3689
  ...
# Subtest: occasion arrows reflect actual changes and cap-limited awards, with no invented adjustments on normal profiles
ok 71 - occasion arrows reflect actual changes and cap-limited awards, with no invented adjustments on normal profiles
  ---
  duration_ms: 26.1254
  ...
# Subtest: original eye uses normalized thresholds and all five stages render independently
ok 72 - original eye uses normalized thresholds and all five stages render independently
  ---
  duration_ms: 12.5954
  ...
# Subtest: level-up and birthday cards retain dimensions, Unicode names and only owned badges with Sanity artwork
ok 73 - level-up and birthday cards retain dimensions, Unicode names and only owned badges with Sanity artwork
  ---
  duration_ms: 301.4451
  ...
# Subtest: automatic artwork remains development-only and uses committed snapshots rather than reading a new Fate balance
ok 74 - automatic artwork remains development-only and uses committed snapshots rather than reading a new Fate balance
  ---
  duration_ms: 1446.0309
  ...
# Subtest: ticket listener leaves game selectors/confirmations and unrelated buttons entirely to their owner
ok 75 - ticket listener leaves game selectors/confirmations and unrelated buttons entirely to their owner
  ---
  duration_ms: 1160.0405
  ...
# Subtest: ticket buttons still enforce staff permissions and contain expired-interaction failures
ok 76 - ticket buttons still enforce staff permissions and contain expired-interaction failures
  ---
  duration_ms: 1.7356
  ...
# Subtest: Sanity selection is development-only and never inherits test/production activation
ok 77 - Sanity selection is development-only and never inherits test/production activation
  ---
  duration_ms: 1.9048
  ...
# Subtest: starts at fifty, earns two every thirty minutes up to eight/day, and message replay does not earn or reset activity twice
ok 78 - starts at fifty, earns two every thirty minutes up to eight/day, and message replay does not earn or reset activity twice
  ---
  duration_ms: 235.751
  ...
# Subtest: 48-hour grace followed by whole daily decay ticks is lazy, durable, bounded, and not refreshed by viewing
ok 79 - 48-hour grace followed by whole daily decay ticks is lazy, durable, bounded, and not refreshed by viewing
  ---
  duration_ms: 38.1865
  ...
# Subtest: Sanity spend shares the root transaction, rolls back on failure and rejects stale confirmations
ok 80 - Sanity spend shares the root transaction, rolls back on failure and rejects stale confirmations
  ---
  duration_ms: 16.3723
  ...
# Subtest: every normal table interval is reachable with exact boundaries and no independent Eye roll
ok 81 - every normal table interval is reachable with exact boundaries and no independent Eye roll
  ---
  duration_ms: 3.2478
  ...
# Subtest: curse override boundary preserves 10%, 20/80 treat split and normal table selection
ok 82 - curse override boundary preserves 10%, 20/80 treat split and normal table selection
  ---
  duration_ms: 0.7518
  ...
# Subtest: same-spell buffer reduces only repeated reversal and leaves Eye/Crown/failure odds intact
ok 83 - same-spell buffer reduces only repeated reversal and leaves Eye/Crown/failure odds intact
  ---
  duration_ms: 48.8378
  ...
# Subtest: committed history discourages a repeated spell, ignores screens and survives reconstruction/replay
ok 84 - committed history discourages a repeated spell, ignores screens and survives reconstruction/replay
  ---
  duration_ms: 228.5122
  ...
# Subtest: successful theft spends candy before credit, records activity and concurrent replay runs once
ok 85 - successful theft spends candy before credit, records activity and concurrent replay runs once
  ---
  duration_ms: 57.1654
  ...
# Subtest: break curse and cursed distributions each cost one regardless of delivered gifts
ok 86 - break curse and cursed distributions each cost one regardless of delivered gifts
  ---
  duration_ms: 52.1228
  ...
# Subtest: effect failure, no-target rejection and missing handler refund all writes without rerolling
ok 87 - effect failure, no-target rejection and missing handler refund all writes without rerolling
  ---
  duration_ms: 46.0579
  ...
# Subtest: explicit paid no-effect outcome costs one; insufficient/paused/unregistered actions fail safely
ok 88 - explicit paid no-effect outcome costs one; insufficient/paused/unregistered actions fail safely
  ---
  duration_ms: 42.2767
  ...
# Subtest: choice wait holds no transaction; pause, depleted candy and changed curse roll back without a second roll
ok 89 - choice wait holds no transaction; pause, depleted candy and changed curse roll back without a second roll
  ---
  duration_ms: 76.513
  ...
# Subtest: Eye chance stays exactly13% for either action through every repeat family and Crown state
ok 90 - Eye chance stays exactly13% for either action through every repeat family and Crown state
  ---
  duration_ms: 122.1754
  ...
# Subtest: recompute awards once atomically, audits private reason and queues only new public completion
ok 91 - recompute awards once atomically, audits private reason and queues only new public completion
  ---
  duration_ms: 1528.0752
  ...
# Subtest: closed archived eligibility can be repaired; existing badges survive missing inventory
ok 92 - closed archived eligibility can be repaired; existing badges survive missing inventory
  ---
  duration_ms: 42.5571
  ...
# Subtest: authorization, confirmation, registration and invalid inventory reject without writes
ok 93 - authorization, confirmation, registration and invalid inventory reject without writes
  ---
  duration_ms: 35.6607
  ...
# Subtest: outbox failure rolls back ownership and operation; retry safely awards
ok 94 - outbox failure rolls back ownership and operation; retry safely awards
  ---
  duration_ms: 41.796
  ...
# Subtest: development reset preserves permanent badge and wallet, cancels repair announcement and replay preserves new participant
ok 95 - development reset preserves permanent badge and wallet, cancels repair announcement and replay preserves new participant
  ---
  duration_ms: 56.906
  ...
# Subtest: admin controller defers privately, projects after commit and replay never resends completion
ok 96 - admin controller defers privately, projects after commit and replay never resends completion
  ---
  duration_ms: 57.4631
  ...
# Subtest: admin access fails closed for every view and mismatched guild before database reads
ok 97 - admin access fails closed for every view and mismatched guild before database reads
  ---
  duration_ms: 214.6903
  ...
# Subtest: transaction activity identifies who acted, command, outcome and charged candy without mutating state
ok 98 - transaction activity identifies who acted, command, outcome and charged candy without mutating state
  ---
  duration_ms: 41.7741
  ...
# Subtest: inspection works with disabled play and validates explicit environment, limits, cursors and required player
ok 99 - inspection works with disabled play and validates explicit environment, limits, cursors and required player
  ---
  duration_ms: 77.2274
  ...
# Subtest: player inspection is complete stored state, reports eligibility without awarding or refilling
ok 100 - player inspection is complete stored state, reports eligibility without awarding or refilling
  ---
  duration_ms: 31.2481
  ...
# Subtest: transaction inspection is scoped, filtered and cursor paginated without mutations
ok 101 - transaction inspection is scoped, filtered and cursor paginated without mutations
  ---
  duration_ms: 37.8665
  ...
# Subtest: delivery inspection joins notification ownership before filtering and leaves ambiguous sends unchanged
ok 102 - delivery inspection joins notification ownership before filtering and leaves ambiguous sends unchanged
  ---
  duration_ms: 31.6354
  ...
# Subtest: read snapshot serializes with economy writes and survives failed reads
ok 103 - read snapshot serializes with economy writes and survives failed reads
  ---
  duration_ms: 26.5363
  ...
# Subtest: fresh member authorization is BOTADMIN-only even for administrators and configured roles
ok 104 - fresh member authorization is BOTADMIN-only even for administrators and configured roles
  ---
  duration_ms: 0.5824
  ...
# Subtest: admin adapter defers privately, enforces channels, suppresses mentions and bounds pages
ok 105 - admin adapter defers privately, enforces channels, suppresses mentions and bounds pages
  ---
  duration_ms: 6.2459
  ...
# Subtest: all controls require fresh authorization/reasons and explicit validated intent
ok 106 - all controls require fresh authorization/reasons and explicit validated intent
  ---
  duration_ms: 22.5035
  ...
# Subtest: clear queues bot-owned role restoration before removing closed/disabled effects; replay retains one intent
ok 107 - clear queues bot-owned role restoration before removing closed/disabled effects; replay retains one intent
  ---
  duration_ms: 55.0192
  ...
# Subtest: unowned curse roles survive clearing; stale add intent is cancelled without any role writes
ok 108 - unowned curse roles survive clearing; stale add intent is cancelled without any role writes
  ---
  duration_ms: 38.4117
  ...
# Subtest: nickname clear restores null safely, preserves independent edits, and targeted reconciliation skips other users
ok 109 - nickname clear restores null safely, preserves independent edits, and targeted reconciliation skips other users
  ---
  duration_ms: 51.3374
  ...
# Subtest: bad restoration metadata/missing delivery rolls back; post-commit role failure stays retryable
ok 110 - bad restoration metadata/missing delivery rolls back; post-commit role failure stays retryable
  ---
  duration_ms: 50.791
  ...
# Subtest: pause/resume is durable, replay-bound and blocks ordinary acquisition; archive never reopens
ok 111 - pause/resume is durable, replay-bound and blocks ordinary acquisition; archive never reopens
  ---
  duration_ms: 29.47
  ...
# Subtest: development reset rejects production/test/wrong storage and missing confirmation without deletion
ok 112 - development reset rejects production/test/wrong storage and missing confirmation without deletion
  ---
  duration_ms: 33.1228
  ...
# Subtest: development reset preserves wallet/permanent sentinel/audit/other scopes, cancels pending awards and reports ambiguity
ok 113 - development reset preserves wallet/permanent sentinel/audit/other scopes, cancels pending awards and reports ambiguity
  ---
  duration_ms: 80.7888
  ...
# Subtest: failed reset restoration rolls back the entire participant, inventory, effects and projection changes
ok 114 - failed reset restoration rolls back the entire participant, inventory, effects and projection changes
  ---
  duration_ms: 29.0432
  ...
# Subtest: control adapter defers privately and reconciles only after commit with the trusted target scope
ok 115 - control adapter defers privately and reconciles only after commit with the trusted target scope
  ---
  duration_ms: 0.6459
  ...
# Subtest: every repair requires fresh authorization, exact scope, a reason and bounded validated input
ok 116 - every repair requires fresh authorization, exact scope, a reason and bounded validated input
  ---
  duration_ms: 22.8085
  ...
# Subtest: candy corrections are bounded stored deltas, preserve partial anchors and discard full-cap surplus
ok 117 - candy corrections are bounded stored deltas, preserve partial anchors and discard full-cap surplus
  ---
  duration_ms: 43.8897
  ...
# Subtest: Eye correction converts at five atomically, concurrent replay never rerolls and altered payloads reject
ok 118 - Eye correction converts at five atomically, concurrent replay never rerolls and altered payloads reject
  ---
  duration_ms: 59.3238
  ...
# Subtest: grant correction exchanges exactly five extras, keeps first copies and replays one grant
ok 119 - grant correction exchanges exactly five extras, keeps first copies and replays one grant
  ---
  duration_ms: 24.7241
  ...
# Subtest: quarter removal corrects one copy only; only-copy removal requires explicit intent and changes eligibility
ok 120 - quarter removal corrects one copy only; only-copy removal requires explicit intent and changes eligibility
  ---
  duration_ms: 38.8364
  ...
# Subtest: repair finalization/RNG failure rolls back debit, grant, exchange and audit; retry succeeds
ok 121 - repair finalization/RNG failure rolls back debit, grant, exchange and audit; retry succeeds
  ---
  duration_ms: 58.2778
  ...
# Subtest: repairs bypass disabled/pause only, never closure/archive or required registration
ok 122 - repairs bypass disabled/pause only, never closure/archive or required registration
  ---
  duration_ms: 38.8162
  ...
# Spooky public delivery pending (discord:ui-repair): timeout
# Spooky public delivery pending (discord:ui-repair): Notification requires delivery inspection
# Subtest: repair adapter queues big awards for the player, keeps reasons private and survives public send failure/replay
ok 123 - repair adapter queues big awards for the player, keeps reasons private and survives public send failure/replay
  ---
  duration_ms: 50.7989
  ...
# Subtest: existing owner-only curse-clear tool heals bag holes without nickname or role writes and replays safely
ok 124 - existing owner-only curse-clear tool heals bag holes without nickname or role writes and replays safely
  ---
  duration_ms: 20.1952
  ...
# Subtest: burst consumers share one complete bootstrap; member events keep it current
ok 125 - burst consumers share one complete bootstrap; member events keep it current
  ---
  duration_ms: 4.6998
  ...
# Subtest: incomplete bootstrap fails closed and retries obey allowance; disconnect invalidates
ok 126 - incomplete bootstrap fails closed and retries obey allowance; disconnect invalidates
  ---
  duration_ms: 1.727
  ...
# Subtest: rate-limit dispatch ends wait promptly and respects server retry_after seconds
ok 127 - rate-limit dispatch ends wait promptly and respects server retry_after seconds
  ---
  duration_ms: 0.6813
  ...
# Subtest: unresponsive member fetch has a bounded deadline and removes listeners
ok 128 - unresponsive member fetch has a bounded deadline and removes listeners
  ---
  duration_ms: 39.0585
  ...
# Subtest: personal fate snapshot uses only a fresh actor; repeated gameplay shares directory
ok 129 - personal fate snapshot uses only a fresh actor; repeated gameplay shares directory
  ---
  duration_ms: 4.9586
  ...
# Subtest: /user defers publicly before DB/badge work and edits once
ok 130 - /user defers publicly before DB/badge work and edits once
  ---
  duration_ms: 7.2357
  ...
# Spooky reply pending (discord:draw): Expired webhook
# Spooky reply pending (discord:draw): Expired webhook
# Subtest: expired private reply and hung cosmetic access cannot strand a saved fate quarter; replay charges once
ok 131 - expired private reply and hung cosmetic access cannot strand a saved fate quarter; replay charges once
  ---
  duration_ms: 3531.1418
  ...
# Spooky pending notification 1: Synthetic unavailable old channel
# Spooky pending notification 1: Synthetic unavailable old channel
# Subtest: restart recovery dispatches only owned definitely-pending gameplay; ambiguous/special channels remain untouched
ok 132 - restart recovery dispatches only owned definitely-pending gameplay; ambiguous/special channels remain untouched
  ---
  duration_ms: 69.0367
  ...
# Subtest: cancel or supersede during member fetch prevents old role and nickname writes
ok 133 - cancel or supersede during member fetch prevents old role and nickname writes
  ---
  duration_ms: 51.9054
  ...
# Subtest: actual Discord adapter checks intent after its final async fetch and preserves independent nicknames
ok 134 - actual Discord adapter checks intent after its final async fetch and preserves independent nicknames
  ---
  duration_ms: 4.7121
  ...
# Subtest: role adapter grants and removes below-bot roles for owners but rejects inaccessible roles
ok 135 - role adapter grants and removes below-bot roles for owners but rejects inaccessible roles
  ---
  duration_ms: 0.642
  ...
# Subtest: curse restoration retains original role through configuration drift and safely rejects lost provenance
ok 136 - curse restoration retains original role through configuration drift and safely rejects lost provenance
  ---
  duration_ms: 119.937
  ...
# Subtest: admin repair receipts and reacquisition reveals reflect retained permanent ownership
ok 137 - admin repair receipts and reacquisition reveals reflect retained permanent ownership
  ---
  duration_ms: 113.053
  ...
# Subtest: partial Sweet Tooth still displays committed fate and candy rewards
ok 138 - partial Sweet Tooth still displays committed fate and candy rewards
  ---
  duration_ms: 0.7021
  ...
# Subtest: simultaneous level messages claim one XP transition and one fate reward, sharing the economy queue
ok 139 - simultaneous level messages claim one XP transition and one fate reward, sharing the economy queue
  ---
  duration_ms: 26.3505
  ...
# Error handling haiku: Synthetic haiku failure
# Error updating chat progression: Synthetic XP failure
# Error handling haiku: Synthetic haiku failure
# Level-up badges unavailable: Synthetic badge failure
# Error updating chat progression: Synthetic send failure
# Subtest: message pipelines handle XP/haiku/send failures independently and ignore numeric DMs
ok 140 - message pipelines handle XP/haiku/send failures independently and ignore numeric DMs
  ---
  duration_ms: 82.5955
  ...
# Subtest: projection acknowledgement waits outside an unrelated rollback and newer removal wins over an in-flight add
ok 141 - projection acknowledgement waits outside an unrelated rollback and newer removal wins over an in-flight add
  ---
  duration_ms: 44.3877
  ...
# Subtest: steady refill yields one candy at 18 minutes and 80/day without overflow surplus
ok 142 - steady refill yields one candy at 18 minutes and 80/day without overflow surplus
  ---
  duration_ms: 2.2387
  ...
# Subtest: only registered full buckets are mentioned; weekly cooldown survives restarts and concurrent ticks
ok 143 - only registered full buckets are mentioned; weekly cooldown survives restarts and concurrent ticks
  ---
  duration_ms: 270.0059
  ...
# Subtest: naturally full bucket materializes refill atomically without enrolling outsiders
ok 144 - naturally full bucket materializes refill atomically without enrolling outsiders
  ---
  duration_ms: 44.772
  ...
# Subtest: lookup failure retries pending reminder; spending before send cancels stale reminder
ok 145 - lookup failure retries pending reminder; spending before send cancels stale reminder
  ---
  duration_ms: 62.9145
  ...
# Subtest: ambiguous sends never automatically resend; pause/closure/disable prevent messages
ok 146 - ambiguous sends never automatically resend; pause/closure/disable prevent messages
  ---
  duration_ms: 49.7513
  ...
# Subtest: pending reminders cannot tag removed registration or send after event closes
ok 147 - pending reminders cannot tag removed registration or send after event closes
  ---
  duration_ms: 40.3857
  ...
# Subtest: closure during channel lookup blocks delivery and next sweep cancels; different workers cannot duplicate
ok 148 - closure during channel lookup blocks delivery and next sweep cancels; different workers cannot duplicate
  ---
  duration_ms: 77.5935
  ...
# Subtest: production channel policy permits only configured same-server Spooky/testing IDs
ok 149 - production channel policy permits only configured same-server Spooky/testing IDs
  ---
  duration_ms: 1497.5066
  ...
# Subtest: off-channel runtime commands reject privately before accessing global storage or Discord
ok 150 - off-channel runtime commands reject privately before accessing global storage or Discord
  ---
  duration_ms: 5.6891
  ...
# Subtest: Eye credit automatically consumes each five, with remainder and replay without RNG
ok 151 - Eye credit automatically consumes each five, with remainder and replay without RNG
  ---
  duration_ms: 219.5516
  ...
# Subtest: award ownership is captured at each acquisition and survives later inventory changes/replay
ok 152 - award ownership is captured at each acquisition and survives later inventory changes/replay
  ---
  duration_ms: 46.801
  ...
# Subtest: rarity update preserves owned IDs and old acquisition receipts while new grants use current metadata
ok 153 - rarity update preserves owned IDs and old acquisition receipts while new grants use current metadata
  ---
  duration_ms: 35.9661
  ...
# Subtest: ordinary rarity boundaries and within-rarity endpoints use approved weights
ok 154 - ordinary rarity boundaries and within-rarity endpoints use approved weights
  ---
  duration_ms: 61.4972
  ...
# Subtest: every character-specific piece is reachable through its current ordinary rarity bucket
ok 155 - every character-specific piece is reachable through its current ordinary rarity bucket
  ---
  duration_ms: 201.5493
  ...
# Subtest: fifth mixed duplicate automatically consumes only five extras and awards an unowned piece
ok 156 - fifth mixed duplicate automatically consumes only five extras and awards an unowned piece
  ---
  duration_ms: 29.1901
  ...
# Subtest: batch exchanges, completion and terminal extras retain first copies
ok 157 - batch exchanges, completion and terminal extras retain first copies
  ---
  duration_ms: 53.848
  ...
# Subtest: exchange samples all missing IDs uniformly without rarity weighting
ok 158 - exchange samples all missing IDs uniformly without rarity weighting
  ---
  duration_ms: 202.8552
  ...
# Subtest: Eye theft transfers then converts atomically, and failed award restores both balances
ok 159 - Eye theft transfers then converts atomically, and failed award restores both balances
  ---
  duration_ms: 50.6382
  ...
# Subtest: concurrent credits and duplicate grants resolve once without losing extras
ok 160 - concurrent credits and duplicate grants resolve once without losing extras
  ---
  duration_ms: 242.829
  ...
# Subtest: provisional odds block ordinary awards but not duplicate exchange; unknown inventory fails safely
ok 161 - provisional odds block ordinary awards but not duplicate exchange; unknown inventory fails safely
  ---
  duration_ms: 30.1931
  ...
# Subtest: collection rejects nonregistered players and operational pause
ok 162 - collection rejects nonregistered players and operational pause
  ---
  duration_ms: 22.6803
  ...
# Subtest: last missing piece stops batch exchange and retains remaining extras
ok 163 - last missing piece stops batch exchange and retains remaining extras
  ---
  duration_ms: 35.9698
  ...
# Subtest: failed duplicate reward restores consumed extras and retries safely
ok 164 - failed duplicate reward restores consumed extras and retries safely
  ---
  duration_ms: 32.4821
  ...
# Subtest: duplicate award snapshots fifth extra before exchange and replays that count
ok 165 - duplicate award snapshots fifth extra before exchange and replays that count
  ---
  duration_ms: 22.9214
  ...
# Subtest: development activation leaves production/test disabled and approved economy unchanged
ok 166 - development activation leaves production/test disabled and approved economy unchanged
  ---
  duration_ms: 27.7528
  ...
# Subtest: invalid probability edits and duplicated outcomes fail validation
ok 167 - invalid probability edits and duplicated outcomes fail validation
  ---
  duration_ms: 0.6628
  ...
# Subtest: manifest provides unique durable quarter IDs and each character has required rarity positions
ok 168 - manifest provides unique durable quarter IDs and each character has required rarity positions
  ---
  duration_ms: 1.5632
  ...
# Subtest: Pacific event opening/closing includes all October 31 and no redemption window
ok 169 - Pacific event opening/closing includes all October 31 and no redemption window
  ---
  duration_ms: 1.5819
  ...
# Subtest: character rarity metadata rejects missing, unknown or unordered assignments and invalid colors
ok 170 - character rarity metadata rejects missing, unknown or unordered assignments and invalid colors
  ---
  duration_ms: 0.9283
  ...
# Subtest: character rarity metadata rejects missing, unknown or unordered assignments and invalid colors
ok 171 - character rarity metadata rejects missing, unknown or unordered assignments and invalid colors
  ---
  duration_ms: 0.5461
  ...
# Subtest: configuration cannot silently enable redemption, draw ceilings, or unbanked fate
ok 172 - configuration cannot silently enable redemption, draw ceilings, or unbanked fate
  ---
  duration_ms: 0.5916
  ...
# Subtest: simulation weights cannot be used for live acquisition and configuration is immutable
ok 173 - simulation weights cannot be used for live acquisition and configuration is immutable
  ---
  duration_ms: 0.3841
  ...
# Subtest: explicit production activation cannot enable test and leaves economy/version unchanged
ok 174 - explicit production activation cannot enable test and leaves economy/version unchanged
  ---
  duration_ms: 1.2896
  ...
# Subtest: production finale selects only production announcement channel/activation with the environment role
ok 175 - production finale selects only production announcement channel/activation with the environment role
  ---
  duration_ms: 1093.9798
  ...
# Subtest: private help/onboarding creates actual fate account atomically and never mentions others
ok 176 - private help/onboarding creates actual fate account atomically and never mentions others
  ---
  duration_ms: 239.9408
  ...
# Subtest: ordinary candy actions skip inventory/access scans and publish before operation-only projections
ok 177 - ordinary candy actions skip inventory/access scans and publish before operation-only projections
  ---
  duration_ms: 122.0735
  ...
# Subtest: leaderboard is public while collection and help remain private
ok 178 - leaderboard is public while collection and help remain private
  ---
  duration_ms: 46.2532
  ...
# Subtest: public leaderboard uses latest earned badge emoji and defaults to supplied Selene art
ok 179 - public leaderboard uses latest earned badge emoji and defaults to supplied Selene art
  ---
  duration_ms: 26.159
  ...
# Subtest: GIF rotation reads durable root history, charges once and preserves saved replay
ok 180 - GIF rotation reads durable root history, charges once and preserves saved replay
  ---
  duration_ms: 110.5633
  ...
# Subtest: chosen shield recipient commits one action cost; replay skips the choice and random rolls
ok 181 - chosen shield recipient commits one action cost; replay skips the choice and random rolls
  ---
  duration_ms: 111.5058
  ...
# Subtest: break-curse skips a lone target, offers two/three choices and saves one paid result
ok 182 - break-curse skips a lone target, offers two/three choices and saves one paid result
  ---
  duration_ms: 337.3651
  ...
# Subtest: registration avatar and committed balances survive replay; re-registering grants no extra candy
ok 183 - registration avatar and committed balances survive replay; re-registering grants no extra candy
  ---
  duration_ms: 31.3293
  ...
# Subtest: registered targets are publicly tagged with strict user allowlist
ok 184 - registered targets are publicly tagged with strict user allowlist
  ---
  duration_ms: 63.7914
  ...
# Subtest: losing outcomes charge exactly one candy and remain flavorful private results
ok 185 - losing outcomes charge exactly one candy and remain flavorful private results
  ---
  duration_ms: 71.0695
  ...
# Spooky public delivery pending (discord:failed-cleanup): send failed
# Subtest: successful public results remove the private acknowledgement; failed delivery keeps a friendly warning
ok 186 - successful public results remove the private acknowledgement; failed delivery keeps a friendly warning
  ---
  duration_ms: 118.026
  ...
# Subtest: nonregistered targets get one embed mention per 72h; later effects stay public without pinging
ok 187 - nonregistered targets get one embed mention per 72h; later effects stay public without pinging
  ---
  duration_ms: 116.4561
  ...
# Subtest: fate purchase publicly reveals quarter; replay retains render plan and debits only once
ok 188 - fate purchase publicly reveals quarter; replay retains render plan and debits only once
  ---
  duration_ms: 44.7711
  ...
# Spooky public delivery pending (discord:theft): send failed
# Subtest: failed public notification does not refund or reroll committed theft
ok 189 - failed public notification does not refund or reroll committed theft
  ---
  duration_ms: 58.8873
  ...
# Subtest: membership failures and disabled events do not mutate or silently find rewards
ok 190 - membership failures and disabled events do not mutate or silently find rewards
  ---
  duration_ms: 34.9529
  ...
# Subtest: all effect recipient fields route publicly, with safe names and no false permanent badge claim
ok 191 - all effect recipient fields route publicly, with safe names and no false permanent badge claim
  ---
  duration_ms: 1.1257
  ...
# Subtest: slash definitions match help and route the authenticated interaction to the controller
ok 192 - slash definitions match help and route the authenticated interaction to the controller
  ---
  duration_ms: 3.848
  ...
# Subtest: a newly completed character gets one prominent notification; later draws do not repeat completion
ok 193 - a newly completed character gets one prominent notification; later draws do not repeat completion
  ---
  duration_ms: 57.9587
  ...
# Subtest: collection shows total duplicate progress across characters
ok 194 - collection shows total duplicate progress across characters
  ---
  duration_ms: 34.1783
  ...
# Subtest: registered recipient references are spaced out; repeated immediate actions use names
ok 195 - registered recipient references are spaced out; repeated immediate actions use names
  ---
  duration_ms: 221.1761
  ...
# Subtest: live Crown scan uses fresh REST pages without gateway member requests
ok 196 - live Crown scan uses fresh REST pages without gateway member requests
  ---
  duration_ms: 1090.0902
  ...
# Subtest: Crown finding/theft are mutually exclusive and each has the same 1% base interval
ok 197 - Crown finding/theft are mutually exclusive and each has the same 1% base interval
  ---
  duration_ms: 0.9368
  ...
# Subtest: failed old-holder removal never adds a second Crown; reconstruction retries safely
ok 198 - failed old-holder removal never adds a second Crown; reconstruction retries safely
  ---
  duration_ms: 256.3486
  ...
# Subtest: legacy multiple holders keep the most recently awarded wearer without new rewards
ok 199 - legacy multiple holders keep the most recently awarded wearer without new rewards
  ---
  duration_ms: 39.085
  ...
# Subtest: superseded grants cannot reclaim the Crown; release is holder-scoped
ok 200 - superseded grants cannot reclaim the Crown; release is holder-scoped
  ---
  duration_ms: 72.3062
  ...
# Subtest: reversal preserves emoji/combining graphemes and shuffle preserves words
ok 201 - reversal preserves emoji/combining graphemes and shuffle preserves words
  ---
  duration_ms: 2.8042
  ...
# Subtest: curse message probability and transformation boundaries are deterministic
ok 202 - curse message probability and transformation boundaries are deterministic
  ---
  duration_ms: 2.0555
  ...
# Subtest: unsafe/context-rich, empty, disabled and closed messages stay intact
ok 203 - unsafe/context-rich, empty, disabled and closed messages stay intact
  ---
  duration_ms: 3.7104
  ...
# Subtest: replacement is sent before original deletion; send failure never deletes or raw-falls-back
ok 204 - replacement is sent before original deletion; send failure never deletes or raw-falls-back
  ---
  duration_ms: 0.9654
  ...
# Subtest: delete failure preserves original and reports delivered replacement without resending
ok 205 - delete failure preserves original and reports delivered replacement without resending
  ---
  duration_ms: 0.2882
  ...
# Subtest: valid isolated settings pass without credentials or database/network imports
ok 206 - valid isolated settings pass without credentials or database/network imports
  ---
  duration_ms: 23.0473
  ...
# Subtest: requires development and rejects target overrides before file access
ok 207 - requires development and rejects target overrides before file access
  ---
  duration_ms: 0.7127
  ...
# Subtest: missing or malformed gameplay IDs fail; one valid channel is sufficient
ok 208 - missing or malformed gameplay IDs fail; one valid channel is sufficient
  ---
  duration_ms: 6.1268
  ...
# Subtest: missing channels and colliding/everyone roles fail
ok 209 - missing channels and colliding/everyone roles fail
  ---
  duration_ms: 5.8866
  ...
# Subtest: selected file gaps cannot be filled by inherited settings
ok 210 - selected file gaps cannot be filled by inherited settings
  ---
  duration_ms: 7.3991
  ...
# Subtest: shared production target is rejected
ok 211 - shared production target is rejected
  ---
  duration_ms: 5.4622
  ...
# Subtest: migration up/down is reversible and leaves existing tables untouched
ok 212 - migration up/down is reversible and leaves existing tables untouched
  ---
  duration_ms: 157.828
  ...
# Subtest: database constraints reject duplicate identities, raw negative balances and invalid inventory
ok 213 - database constraints reject duplicate identities, raw negative balances and invalid inventory
  ---
  duration_ms: 40.2872
  ...
# Subtest: a transfer persists zero-sum linked ledger entries and a durable receipt
ok 214 - a transfer persists zero-sum linked ledger entries and a durable receipt
  ---
  duration_ms: 35.7818
  ...
# Subtest: repeated concurrent interactions run once, including across two service instances
ok 215 - repeated concurrent interactions run once, including across two service instances
  ---
  duration_ms: 35.1706
  ...
# Subtest: failed second side of transfer rolls back balances, ledger and operation
ok 216 - failed second side of transfer rolls back balances, ledger and operation
  ---
  duration_ms: 19.921
  ...
# Subtest: callback failure is atomic and failed operation can be retried without partial awards
ok 217 - callback failure is atomic and failed operation can be retried without partial awards
  ---
  duration_ms: 23.1785
  ...
# Subtest: competing transfers cannot steal the same last Eye twice
ok 218 - competing transfers cannot steal the same last Eye twice
  ---
  duration_ms: 23.5377
  ...
# Subtest: balances are isolated by guild/event and worker keys do not collide across scopes
ok 219 - balances are isolated by guild/event and worker keys do not collide across scopes
  ---
  duration_ms: 23.9685
  ...
# Subtest: invalid receipts/ledger deltas roll back and history survives participant removal
ok 220 - invalid receipts/ledger deltas roll back and history survives participant removal
  ---
  duration_ms: 29.288
  ...
# Subtest: independent SQLite connections serialize the same operation and replay a persisted receipt
ok 221 - independent SQLite connections serialize the same operation and replay a persisted receipt
  ---
  duration_ms: 75.1523
  ...
# Subtest: durable effect renewal, replay, expiry and scope survive service reconstruction
ok 222 - durable effect renewal, replay, expiry and scope survive service reconstruction
  ---
  duration_ms: 223.8168
  ...
# Subtest: effect expiry is clamped to event end and clearing preserves metadata for restoration
ok 223 - effect expiry is clamped to event end and clearing preserves metadata for restoration
  ---
  duration_ms: 36.192
  ...
# Subtest: curse resolver uses active database effects rather than permanent role claims; closure turns it off
ok 224 - curse resolver uses active database effects rather than permanent role claims; closure turns it off
  ---
  duration_ms: 41.0392
  ...
# Subtest: effect service prevents curse/protection overlap in either order
ok 225 - effect service prevents curse/protection overlap in either order
  ---
  duration_ms: 55.3753
  ...
# Subtest: invalid/paused writes and later callback failure roll back effects, participant seed and ledger
ok 226 - invalid/paused writes and later callback failure roll back effects, participant seed and ledger
  ---
  duration_ms: 30.9297
  ...
# Subtest: confirmation displays exact Bank/Fate projections and spends nothing on cancel or timeout
ok 227 - confirmation displays exact Bank/Fate projections and spends nothing on cancel or timeout
  ---
  duration_ms: 10.8675
  ...
# Subtest: other users/channels/guilds cannot confirm; simultaneous clicks acknowledge before one purchase
ok 228 - other users/channels/guilds cannot confirm; simultaneous clicks acknowledge before one purchase
  ---
  duration_ms: 1.9052
  ...
# Subtest: failed acknowledgement cannot spend; failed purchase clears collector and buttons
ok 229 - failed acknowledgement cannot spend; failed purchase clears collector and buttons
  ---
  duration_ms: 2.164
  ...
# Subtest: community launch purchases spend normal Fate only, never special Bank, with durable replay
ok 230 - community launch purchases spend normal Fate only, never special Bank, with durable replay
  ---
  duration_ms: 223.8026
  ...
# Subtest: development Sanity purchases debit only Sanity once, preserve Fate/Bank, and roll back a failed draw
ok 231 - development Sanity purchases debit only Sanity once, preserve Fate/Bank, and roll back a failed draw
  ---
  duration_ms: 79.9201
  ...
# Subtest: bank-only purchase uses actual User model and leaves unbanked fate/candy/Eyes unchanged
ok 232 - bank-only purchase uses actual User model and leaves unbanked fate/candy/Eyes unchanged
  ---
  duration_ms: 33.8605
  ...
# Subtest: insufficient combined wallet and missing/invalid accounts fail safely
ok 233 - insufficient combined wallet and missing/invalid accounts fail safely
  ---
  duration_ms: 27.5538
  ...
# Subtest: authorization fails closed and cannot buy for a different actor
ok 234 - authorization fails closed and cannot buy for a different actor
  ---
  duration_ms: 19.7481
  ...
# Subtest: any registered bank holder may purchase without Unwanted/admin role claims
ok 235 - any registered bank holder may purchase without Unwanted/admin role claims
  ---
  duration_ms: 31.1725
  ...
# Subtest: same interaction replays one debit and award; distinct purchases have no daily ceiling
ok 236 - same interaction replays one debit and award; distinct purchases have no daily ceiling
  ---
  duration_ms: 212.1037
  ...
# Subtest: concurrent purchases compete for the same final ten bank points
ok 237 - concurrent purchases compete for the same final ten bank points
  ---
  duration_ms: 30.8891
  ...
# Subtest: award failure rolls back bank and ledger, and retry is safe
ok 238 - award failure rolls back bank and ledger, and retry is safe
  ---
  duration_ms: 32.8418
  ...
# Subtest: fate draw triggering the fifth duplicate exchanges it in the same receipt
ok 239 - fate draw triggering the fifth duplicate exchanges it in the same receipt
  ---
  duration_ms: 30.8194
  ...
# Subtest: disabled/closed/paused/unregistered/wrong guild purchases leave the shared bank untouched
ok 240 - disabled/closed/paused/unregistered/wrong guild purchases leave the shared bank untouched
  ---
  duration_ms: 39.8826
  ...
# Subtest: mixed Bank/Fate payment and Fate-only payment debit ten exactly with matching ledger
ok 241 - mixed Bank/Fate payment and Fate-only payment debit ten exactly with matching ledger
  ---
  duration_ms: 59.069
  ...
# Subtest: wallet drift invalidates a confirmation instead of switching which balance pays
ok 242 - wallet drift invalidates a confirmation instead of switching which balance pays
  ---
  duration_ms: 20.9825
  ...
# Subtest: failed quarter or receipt finalization rolls back both wallets, inventory and ledger
ok 243 - failed quarter or receipt finalization rolls back both wallets, inventory and ledger
  ---
  duration_ms: 30.046
  ...
# Subtest: Fate rarity thresholds differ from Eye draws without changing missing-piece exchange
ok 244 - Fate rarity thresholds differ from Eye draws without changing missing-piece exchange
  ---
  duration_ms: 105.3113
  ...
# Subtest: Fate rewards use the Fate/Bank/Total design with committed cap-aware transitions
ok 245 - Fate rewards use the Fate/Bank/Total design with committed cap-aware transitions
  ---
  duration_ms: 8.5647
  ...
# Subtest: Fate-funded quarter shows its bank deduction once across duplicate reveals
ok 246 - Fate-funded quarter shows its bank deduction once across duplicate reveals
  ---
  duration_ms: 1.357
  ...
# Subtest: legacy treat variants keep recipient safety, committed balances and avatar
ok 247 - legacy treat variants keep recipient safety, committed balances and avatar
  ---
  duration_ms: 25.1056
  ...
# Subtest: crown fallback is playful and promises only the committed fate consolation
ok 248 - crown fallback is playful and promises only the committed fate consolation
  ---
  duration_ms: 1.6902
  ...
# Subtest: Eye finds and self rewards are public while unrewarded personal failures stay private
ok 249 - Eye finds and self rewards are public while unrewarded personal failures stay private
  ---
  duration_ms: 2.441
  ...
# Subtest: caught and dropped outcomes vary cosmetically without changing the one-candy meaning or private visibility
ok 250 - caught and dropped outcomes vary cosmetically without changing the one-candy meaning or private visibility
  ---
  duration_ms: 44.2048
  ...
# Subtest: GIF rate is stable near 10%; committed selection never consumes gameplay randomness
ok 251 - GIF rate is stable near 10%; committed selection never consumes gameplay randomness
  ---
  duration_ms: 68.4521
  ...
# Subtest: successful Crown theft always uses Rihanna; private/error/art messages never receive it
ok 252 - successful Crown theft always uses Rihanna; private/error/art messages never receive it
  ---
  duration_ms: 0.299
  ...
# Subtest: recent channel GIFs are avoided using the root transaction and durable outbox
ok 253 - recent channel GIFs are avoided using the root transaction and durable outbox
  ---
  duration_ms: 1.3557
  ...
# Subtest: cancelled GIFs and non-GIF artwork do not occupy recent rotation slots
ok 254 - cancelled GIFs and non-GIF artwork do not occupy recent rotation slots
  ---
  duration_ms: 0.4358
  ...
# Subtest: significant results share the rate; private messages, fallbacks and art keep their design
ok 255 - significant results share the rate; private messages, fallbacks and art keep their design
  ---
  duration_ms: 0.723
  ...
# Subtest: new variety outcomes reuse reviewed GIF pools, honor the10% budget and rotate recent assets
ok 256 - new variety outcomes reuse reviewed GIF pools, honor the10% budget and rotate recent assets
  ---
  duration_ms: 1.4057
  ...
# Subtest: stale legacy fate mutation cannot overwrite a completed bank debit; fresh retry succeeds
ok 257 - stale legacy fate mutation cannot overwrite a completed bank debit; fresh retry succeeds
  ---
  duration_ms: 197.8875
  ...
# Subtest: level-up overflow credits current bank atomically and preserves purchase debit
ok 258 - level-up overflow credits current bank atomically and preserves purchase debit
  ---
  duration_ms: 22.0512
  ...
# Subtest: normal purchases preserve pre-existing above-cap Bank, and wallet writes cannot manufacture more overflow
ok 259 - normal purchases preserve pre-existing above-cap Bank, and wallet writes cannot manufacture more overflow
  ---
  duration_ms: 18.9848
  ...
# Subtest: notification enqueue is atomic; persistent sent state prevents delayed duplicate send after reconstruction
ok 260 - notification enqueue is atomic; persistent sent state prevents delayed duplicate send after reconstruction
  ---
  duration_ms: 37.8784
  ...
# Subtest: ambiguous notification failure stays uncertain and is not resent automatically
ok 261 - ambiguous notification failure stays uncertain and is not resent automatically
  ---
  duration_ms: 24.3044
  ...
# Subtest: cancelled or missing cursed replacement retains the original; confirmed delivery permits deletion
ok 262 - cancelled or missing cursed replacement retains the original; confirmed delivery permits deletion
  ---
  duration_ms: 0.6772
  ...
# Subtest: complete membership snapshot requirement rejects partial fetch instead of treating it as empty
ok 263 - complete membership snapshot requirement rejects partial fetch instead of treating it as empty
  ---
  duration_ms: 2.6785
  ...
# Subtest: notification migration reverses independently and preserves core operation receipts
ok 264 - notification migration reverses independently and preserves core operation receipts
  ---
  duration_ms: 21.4253
  ...
# Subtest: wired slash command stays disabled in an allowed channel without loading the real database runtime
ok 265 - wired slash command stays disabled in an allowed channel without loading the real database runtime
  ---
  duration_ms: 5.3792
  ...
# Subtest: booster/birthday bank credits use current balances, respect cap and count actual booster rewards
ok 266 - booster/birthday bank credits use current balances, respect cap and count actual booster rewards
  ---
  duration_ms: 19.5766
  ...
# Subtest: audited cancellation during delayed eligibility prevents API dispatch
ok 267 - audited cancellation during delayed eligibility prevents API dispatch
  ---
  duration_ms: 308.3787
  ...
# Subtest: player queue filtering uses original ownership before cursor/limit and respects guild scope
ok 268 - player queue filtering uses original ownership before cursor/limit and respects guild scope
  ---
  duration_ms: 65.6818
  ...
# Subtest: display names cannot inject masked links, Markdown or mentions into public results
ok 269 - display names cannot inject masked links, Markdown or mentions into public results
  ---
  duration_ms: 1105.0272
  ...
# Subtest: achievement award and capped bank credit are atomic, concurrent-idempotent and preserve old over-cap balances
ok 270 - achievement award and capped bank credit are atomic, concurrent-idempotent and preserve old over-cap balances
  ---
  duration_ms: 55.6627
  ...
# Subtest: idle closed maintenance validates proof and reconciles pending projections without creating operations
ok 271 - idle closed maintenance validates proof and reconciles pending projections without creating operations
  ---
  duration_ms: 103.3179
  ...
# Subtest: full testing reset clears this event and Crown eligibility, preserves other badges/wallet/history, and replays safely
ok 272 - full testing reset clears this event and Crown eligibility, preserves other badges/wallet/history, and replays safely
  ---
  duration_ms: 135.2789
  ...
# Subtest: full testing reset rolls back registration and badge deletion if the badge write fails
ok 273 - full testing reset rolls back registration and badge deletion if the badge write fails
  ---
  duration_ms: 65.3216
  ...
# Subtest: finishing Selene emits one completion with main badge, token thumbnail and bank transition; duplicate is clearly labeled
ok 274 - finishing Selene emits one completion with main badge, token thumbnail and bank transition; duplicate is clearly labeled
  ---
  duration_ms: 7.1556
  ...
# Subtest: development badge settings never enable production or another guild and reset stays under the admin event group
ok 275 - development badge settings never enable production or another guild and reset stays under the admin event group
  ---
  duration_ms: 15.0237
  ...
# Subtest: shared bank rewards and level overflow do not silently clamp existing above-cap balances
ok 276 - shared bank rewards and level overflow do not silently clamp existing above-cap balances
  ---
  duration_ms: 33.4414
  ...
# Subtest: Pacific start/end boundaries freeze once and preserve inventory, scores, wallet and pause
ok 277 - Pacific start/end boundaries freeze once and preserve inventory, scores, wallet and pause
  ---
  duration_ms: 285.513
  ...
# Subtest: startup after downtime restores owned effects; committed replay retries pending delivery
ok 278 - startup after downtime restores owned effects; committed replay retries pending delivery
  ---
  duration_ms: 88.9879
  ...
# Subtest: active expiry cleans shields without waiting for play; closure catches overlong effects and respects scope
ok 279 - active expiry cleans shields without waiting for play; closure catches overlong effects and respects scope
  ---
  duration_ms: 68.0938
  ...
# Subtest: cleanup failure rolls back closure/restoration; repaired data allows the same key to succeed
ok 280 - cleanup failure rolls back closure/restoration; repaired data allows the same key to succeed
  ---
  duration_ms: 53.2213
  ...
# Subtest: cleanup preserves pre-existing curse roles and cancels stale additions; disabled worker does nothing
ok 281 - cleanup preserves pre-existing curse roles and cancels stale additions; disabled worker does nothing
  ---
  duration_ms: 48.5287
  ...
# Subtest: queued pre-close maintenance uses execution time; concurrent closure writes one archive ledger entry
ok 282 - queued pre-close maintenance uses execution time; concurrent closure writes one archive ledger entry
  ---
  duration_ms: 37.909
  ...
# Subtest: scheduler starts immediately, deduplicates slot keys, skips overlap/readiness, retries errors and stops
ok 283 - scheduler starts immediately, deduplicates slot keys, skips overlap/readiness, retries errors and stops
  ---
  duration_ms: 1.4959
  ...
# Subtest: unregistered recipient gets one embed reference per rolling 72h across simultaneous actors, never self-pings
ok 284 - unregistered recipient gets one embed reference per rolling 72h across simultaneous actors, never self-pings
  ---
  duration_ms: 257.4285
  ...
# Subtest: registered mentions are spaced 18h with four combined slots per 72h; guilds are separate
ok 285 - registered mentions are spaced 18h with four combined slots per 72h; guilds are separate
  ---
  duration_ms: 75.5679
  ...
# Subtest: cosmetic chance may skip eligible actions without spending allowance; replay cannot reroll
ok 286 - cosmetic chance may skip eligible actions without spending allowance; replay cannot reroll
  ---
  duration_ms: 25.3041
  ...
# Subtest: reservation rolls back with failed action; replay delivers once without adding a slot
ok 287 - reservation rolls back with failed action; replay delivers once without adding a slot
  ---
  duration_ms: 33.2297
  ...
# Subtest: registration and midnight never reset earlier reservations, including the previous daily policy
ok 288 - registration and midnight never reset earlier reservations, including the previous daily policy
  ---
  duration_ms: 29.8222
  ...
# Subtest: expired messages and admin resend copies use names; old top-level tag lines are stripped
ok 289 - expired messages and admin resend copies use names; old top-level tag lines are stripped
  ---
  duration_ms: 24.8432
  ...
# Subtest: uncertain delivery cannot release its reserved reference or automatically repeat it
ok 290 - uncertain delivery cannot release its reserved reference or automatically repeat it
  ---
  duration_ms: 24.7038
  ...
# Subtest: refill boundaries, partial intervals, downtime and capped surplus are deterministic
ok 291 - refill boundaries, partial intervals, downtime and capped surplus are deterministic
  ---
  duration_ms: 2.3714
  ...
# Subtest: nonparticipant first touch and later registration reuse balances without catch-up or starter duplication
ok 292 - nonparticipant first touch and later registration reuse balances without catch-up or starter duplication
  ---
  duration_ms: 232.7154
  ...
# Subtest: concurrent refill and interaction replay credit a due interval only once
ok 293 - concurrent refill and interaction replay credit a due interval only once
  ---
  duration_ms: 89.4602
  ...
# Subtest: disabled, upcoming, closed, archived and paused registration fail without writes; pause permits refill
ok 294 - disabled, upcoming, closed, archived and paused registration fail without writes; pause permits refill
  ---
  duration_ms: 37.8488
  ...
# Subtest: guild scopes are isolated, event mismatch rolls back and registration cannot enroll another actor
ok 295 - guild scopes are isolated, event mismatch rolls back and registration cannot enroll another actor
  ---
  duration_ms: 34.3201
  ...
# Subtest: prepare joins the root transaction so later failure rolls back seed, refill and registration
ok 296 - prepare joins the root transaction so later failure rolls back seed, refill and registration
  ---
  duration_ms: 16.4493
  ...
# Subtest: spending after downtime at capacity starts a fresh interval and receipts replay after closure
ok 297 - spending after downtime at capacity starts a fresh interval and receipts replay after closure
  ---
  duration_ms: 50.5652
  ...
# Subtest: spell roster selection is constant-query and preserves expired/opposite/restoration eligibility
ok 298 - spell roster selection is constant-query and preserves expired/opposite/restoration eligibility
  ---
  duration_ms: 262.9617
  ...
# Subtest: command guard is read-only when idle and cleans exact expiry without network or cross-guild writes
ok 299 - command guard is read-only when idle and cleans exact expiry without network or cross-guild writes
  ---
  duration_ms: 63.4991
  ...
# Subtest: command guard archives at event end and retries a failed cleanup rather than caching it
ok 300 - command guard archives at event end and retries a failed cleanup rather than caching it
  ---
  duration_ms: 46.6206
  ...
# Subtest: initialization coalesces/retries and slow full recovery never blocks a prepared command
ok 301 - initialization coalesces/retries and slow full recovery never blocks a prepared command
  ---
  duration_ms: 0.9522
  ...
# Subtest: current-operation projection skips unrelated pending role work
ok 302 - current-operation projection skips unrelated pending role work
  ---
  duration_ms: 22.6205
  ...
# Subtest: cleanup avoids historical ledger and per-player nickname reads for modern reversals
ok 303 - cleanup avoids historical ledger and per-player nickname reads for modern reversals
  ---
  duration_ms: 49.2097
  ...
# Subtest: self curse cannot renew; target choices omit existing curses and shields
ok 304 - self curse cannot renew; target choices omit existing curses and shields
  ---
  duration_ms: 291.0328
  ...
# Subtest: a chosen break-curse target is revalidated; vanished curse cannot become a different gift
ok 305 - a chosen break-curse target is revalidated; vanished curse cannot become a different gift
  ---
  duration_ms: 69.6303
  ...
# Subtest: shield is recipient-only above 20%; repeat shared protection never renews caller
ok 306 - shield is recipient-only above 20%; repeat shared protection never renews caller
  ---
  duration_ms: 99.1459
  ...
# Subtest: protection cures a cursed target; a fresh shield restores after exactly twelve hours
ok 307 - protection cures a cursed target; a fresh shield restores after exactly twelve hours
  ---
  duration_ms: 121.7268
  ...
# Subtest: baseline is captured on first mutation, shared across effects and restored after October
ok 308 - baseline is captured on first mutation, shared across effects and restored after October
  ---
  duration_ms: 83.1608
  ...
# Subtest: pending curse cured by protection restores a null baseline without leaving a shield
ok 309 - pending curse cured by protection restores a null baseline without leaving a shield
  ---
  duration_ms: 49.3649
  ...
# Subtest: readable appearance has one wrapper and respects Discord nickname length
ok 310 - readable appearance has one wrapper and respects Discord nickname length
  ---
  duration_ms: 0.793
  ...
# Subtest: shield intercepts targeted curse and self backfire, losing charges without renewing expiry
ok 311 - shield intercepts targeted curse and self backfire, losing charges without renewing expiry
  ---
  duration_ms: 58.6379
  ...
# Subtest: maintenance refreshes saved old styles, cures legacy overlap and restores the original at expiry
ok 312 - maintenance refreshes saved old styles, cures legacy overlap and restores the original at expiry
  ---
  duration_ms: 80.324
  ...
# Subtest: old-style refresh and later cleanup never overwrite a manually chosen nickname
ok 313 - old-style refresh and later cleanup never overwrite a manually chosen nickname
  ---
  duration_ms: 72.8893
  ...
# Subtest: legacy null baseline without a display snapshot is preserved until safe final restoration
ok 314 - legacy null baseline without a display snapshot is preserved until safe final restoration
  ---
  duration_ms: 40.3838
  ...
# Subtest: unapplied combined nickname intents restore safely; manual edits are never overwritten
ok 315 - unapplied combined nickname intents restore safely; manual edits are never overwritten
  ---
  duration_ms: 89.8047
  ...
# Subtest: cursed treats count actual delivered sweets toward a hidden goal and safely remove bot-owned role
ok 316 - cursed treats count actual delivered sweets toward a hidden goal and safely remove bot-owned role
  ---
  duration_ms: 135.5573
  ...
# Subtest: failed curse removal survives another hit and eventually removes only the bot-owned role
ok 317 - failed curse removal survives another hit and eventually removes only the bot-owned role
  ---
  duration_ms: 64.859
  ...
# Subtest: pending/conflicting nickname restoration cannot be overwritten by a new reversal
ok 318 - pending/conflicting nickname restoration cannot be overwritten by a new reversal
  ---
  duration_ms: 57.3072
  ...
# Subtest: reversal skips existing spells and restores each newly selected original at closure
ok 319 - reversal skips existing spells and restores each newly selected original at closure
  ---
  duration_ms: 90.1342
  ...
# Subtest: no eligible reversal rolls back the action candy and operation
ok 320 - no eligible reversal rolls back the action candy and operation
  ---
  duration_ms: 27.0897
  ...
# Subtest: ordinary/double/cursed gifts use actual recipients, cap credits, and immunity shields both parties
ok 321 - ordinary/double/cursed gifts use actual recipients, cap credits, and immunity shields both parties
  ---
  duration_ms: 96.7931
  ...
# Subtest: curse apply/spread/backfire are durable; break clears owned role with post-commit intent
ok 322 - curse apply/spread/backfire are durable; break clears owned role with post-commit intent
  ---
  duration_ms: 126.788
  ...
# Subtest: nickname applies once and October cleanup restores null original; independent changes conflict safely
ok 323 - nickname applies once and October cleanup restores null original; independent changes conflict safely
  ---
  duration_ms: 85.8178
  ...
# Subtest: reversal restores at twelve hours and legacy month-long timers are shortened without baseline changes
ok 324 - reversal restores at twelve hours and legacy month-long timers are shortened without baseline changes
  ---
  duration_ms: 40.1817
  ...
# Subtest: Crown can be stolen and recaptured but first-win candy is not farmed
ok 325 - Crown can be stolen and recaptured but first-win candy is not farmed
  ---
  duration_ms: 69.7563
  ...
# Subtest: failed Discord delivery survives reconstruction and retry is idempotent
ok 326 - failed Discord delivery survives reconstruction and retry is idempotent
  ---
  duration_ms: 26.0948
  ...
# Subtest: Sweet Tooth crowns only the caller once; repeat outcomes cannot transfer it; Eye treat converts
ok 327 - Sweet Tooth crowns only the caller once; repeat outcomes cannot transfer it; Eye treat converts
  ---
  duration_ms: 36.195
  ...
# Subtest: permission failures do not claim effects, existing roles are not removed and root failure rolls back intent
ok 328 - permission failures do not claim effects, existing roles are not removed and root failure rolls back intent
  ---
  duration_ms: 56.8185
  ...
# Subtest: delivery migration rollback/reapply preserves core tables
ok 329 - delivery migration rollback/reapply preserves core tables
  ---
  duration_ms: 9.3664
  ...
# Subtest: delivery retry detects state already applied before acknowledgment failure
ok 330 - delivery retry detects state already applied before acknowledgment failure
  ---
  duration_ms: 25.9372
  ...
# Subtest: cleanup rolls back with its restoration intent and repeat worker receipt does not enqueue twice
ok 331 - cleanup rolls back with its restoration intent and repeat worker receipt does not enqueue twice
  ---
  duration_ms: 39.3244
  ...
# Subtest: shared candy clock aligns new and returning players without starter catch-up or cap surplus
ok 332 - shared candy clock aligns new and returning players without starter catch-up or cap surplus
  ---
  duration_ms: 2.4459
  ...
# Subtest: every reward embed has balances, no embed timestamp, and zero candy gets shared refill countdown
ok 333 - every reward embed has balances, no embed timestamp, and zero candy gets shared refill countdown
  ---
  duration_ms: 1.2205
  ...
# Subtest: private nudge eligibility excludes unregistered/inactive/recent callers, but full buckets need no recent play
ok 334 - private nudge eligibility excludes unregistered/inactive/recent callers, but full buckets need no recent play
  ---
  duration_ms: 0.3495
  ...
# Subtest: private stash reminder cooldown persists for 48 hours and concurrent claims cannot nag twice
ok 335 - private stash reminder cooldown persists for 48 hours and concurrent claims cannot nag twice
  ---
  duration_ms: 218.6381
  ...
# Subtest: wording gallery uses real renderer, contains all eight standard gifts and constrains every page
ok 336 - wording gallery uses real renderer, contains all eight standard gifts and constrains every page
  ---
  duration_ms: 99.552
  ...
# Subtest: preview buttons acknowledge before fresh authorization and end cleanly on permission loss
ok 337 - preview buttons acknowledge before fresh authorization and end cleanly on permission loss
  ---
  duration_ms: 86.9274
  ...
# Subtest: production CLI requires explicit environment, target, stopped writers and reviewed hash
ok 338 - production CLI requires explicit environment, target, stopped writers and reviewed hash
  ---
  duration_ms: 7.6626
  ...
# Subtest: production selection, backup and four-migration apply preserve legacy rows and never mutate development
ok 339 - production selection, backup and four-migration apply preserve legacy rows and never mutate development
  ---
  duration_ms: 365.2197
  ...
# Subtest: caller crown win credits five fate for any registered player, caps bank and adds ten prestige once
ok 340 - caller crown win credits five fate for any registered player, caps bank and adds ten prestige once
  ---
  duration_ms: 211.3742
  ...
# Subtest: successful Great Heist gets a five-point boost; failed heist cannot gain it
ok 341 - successful Great Heist gets a five-point boost; failed heist cannot gain it
  ---
  duration_ms: 34.7693
  ...
# Subtest: Spooky leaderboard combines both tracks and returns ranks/badges without exposing hidden points
ok 342 - Spooky leaderboard combines both tracks and returns ranks/badges without exposing hidden points
  ---
  duration_ms: 48.3391
  ...
# Subtest: Sweet Tooth credits one banked fate and treat prestige in the action transaction; concurrent replay once
ok 343 - Sweet Tooth credits one banked fate and treat prestige in the action transaction; concurrent replay once
  ---
  duration_ms: 48.2306
  ...
# Subtest: non-Unwanted Sweet Tooth remains playable; full bank and near-cap are correct
ok 344 - non-Unwanted Sweet Tooth remains playable; full bank and near-cap are correct
  ---
  duration_ms: 93.754
  ...
# Subtest: only normal Sweet Tooth treats award fate; other outcomes and curse replacements do not
ok 345 - only normal Sweet Tooth treats award fate; other outcomes and curse replacements do not
  ---
  duration_ms: 28.7648
  ...
# Subtest: failure costs prestige, target no-effect scores zero, and bank/scoring failures roll back action candy
ok 346 - failure costs prestige, target no-effect scores zero, and bank/scoring failures roll back action candy
  ---
  duration_ms: 90.5647
  ...
# Subtest: ties share each track, a player may lead both, and inactive registrants do not win
ok 347 - ties share each track, a player may lead both, and inactive registrants do not win
  ---
  duration_ms: 46.0258
  ...
# Subtest: Crown earns exact tenths on positive actions only; live rankings and frozen overall proof agree
ok 348 - Crown earns exact tenths on positive actions only; live rankings and frozen overall proof agree
  ---
  duration_ms: 72.2929
  ...
# Subtest: weekly Fate reminders have independent identity and a strict Unwanted-only role mention
ok 349 - weekly Fate reminders have independent identity and a strict Unwanted-only role mention
  ---
  duration_ms: 258.5864
  ...
# Subtest: reminder settings fail closed; payload mentions only configured Resident roles
ok 350 - reminder settings fail closed; payload mentions only configured Resident roles
  ---
  duration_ms: 1.2424
  ...
# Subtest: latest due slot uses Pacific calendar days, local send time and exact October boundaries
ok 351 - latest due slot uses Pacific calendar days, local send time and exact October boundaries
  ---
  duration_ms: 0.6248
  ...
# Subtest: one durable reminder per slot survives restarts/concurrent ticks without resources
ok 352 - one durable reminder per slot survives restarts/concurrent ticks without resources
  ---
  duration_ms: 70.4715
  ...
# Subtest: crash after enqueue or channel lookup failure retries pending current slot; uncertain never retries
ok 353 - crash after enqueue or channel lookup failure retries pending current slot; uncertain never retries
  ---
  duration_ms: 71.4974
  ...
# Subtest: downtime expires pending older reminders and queues only the latest slot; foreign guild rows untouched
ok 354 - downtime expires pending older reminders and queues only the latest slot; foreign guild rows untouched
  ---
  duration_ms: 53.1584
  ...
# Subtest: paused/archived states suppress reminders without consuming due slot; disabled accesses no storage
ok 355 - paused/archived states suppress reminders without consuming due slot; disabled accesses no storage
  ---
  duration_ms: 35.9229
  ...
# Subtest: slow channel lookup crossing end/pause skips before claim; closure cancels pending without sending
ok 356 - slow channel lookup crossing end/pause skips before claim; closure cancels pending without sending
  ---
  duration_ms: 59.1844
  ...
# Subtest: wrong guild/channel fails before claim; changing configuration cancels pending old payload, never sends both
ok 357 - wrong guild/channel fails before claim; changing configuration cancels pending old payload, never sends both
  ---
  duration_ms: 44.0746
  ...
# Subtest: delayed database claim crossing closure releases unsent claim and expires it safely
ok 358 - delayed database claim crossing closure releases unsent claim and expires it safely
  ---
  duration_ms: 26.408
  ...
# Subtest: outbox creation failure rolls back slot, ledger and notification; same-slot retry succeeds
ok 359 - outbox creation failure rolls back slot, ledger and notification; same-slot retry succeeds
  ---
  duration_ms: 27.1158
  ...
# Subtest: reminder failure does not block committed lifecycle maintenance; lifecycle failures still propagate
ok 360 - reminder failure does not block committed lifecycle maintenance; lifecycle failures still propagate
  ---
  duration_ms: 0.5348
  ...
# Subtest: token notification sends local files from durable descriptors and acknowledges fresh attachment evidence
ok 361 - token notification sends local files from durable descriptors and acknowledges fresh attachment evidence
  ---
  duration_ms: 255.9097
  ...
# Subtest: resolution is authorized, owner scoped and explicitly validated without touching resources
ok 362 - resolution is authorized, owner scoped and explicitly validated without touching resources
  ---
  duration_ms: 39.4622
  ...
# Subtest: acknowledgement requires fresh matching bot message evidence; replay needs no new evidence and rejects changed requests
ok 363 - acknowledgement requires fresh matching bot message evidence; replay needs no new evidence and rejects changed requests
  ---
  duration_ms: 39.3044
  ...
# Subtest: pending retry sends one selected row only; uncertain resend creates an audited copy without rerolling
ok 364 - pending retry sends one selected row only; uncertain resend creates an audited copy without rerolling
  ---
  duration_ms: 101.3215
  ...
# Subtest: stale evidence rejects resolution; late send failure cannot undo an audited in-flight cancellation
ok 365 - stale evidence rejects resolution; late send failure cannot undo an audited in-flight cancellation
  ---
  duration_ms: 35.2874
  ...
# Subtest: projection acknowledgement verifies observed state and cancellation invalidates the old revision
ok 366 - projection acknowledgement verifies observed state and cancellation invalidates the old revision
  ---
  duration_ms: 26.8336
  ...
# Subtest: independent nickname changes and orphaned applications cannot retry; cancellation safely unblocks inspection/reset
ok 367 - independent nickname changes and orphaned applications cannot retry; cancellation safely unblocks inspection/reset
  ---
  duration_ms: 31.5128
  ...
# Subtest: audited restoration retries after closure, retains source revision and reconciles only its selected row
ok 368 - audited restoration retries after closure, retains source revision and reconciles only its selected row
  ---
  duration_ms: 29.9157
  ...
# Subtest: resolution adapter stays private, commits before dispatch and uses the saved source channel/row
ok 369 - resolution adapter stays private, commits before dispatch and uses the saved source channel/row
  ---
  duration_ms: 3.3514
  ...
# Subtest: population adapter matches a seeded actual SQLite gameplay trajectory
ok 370 - population adapter matches a seeded actual SQLite gameplay trajectory
  ---
  duration_ms: 9544.2541
  ...
# Subtest: milestone summaries count never reached separately from conditional timing
ok 371 - milestone summaries count never reached separately from conditional timing
  ---
  duration_ms: 1.2084
  ...
# Subtest: apply CLI requires reviewed hash and stopped declaration, with explicit adoption mode
ok 372 - apply CLI requires reviewed hash and stopped declaration, with explicit adoption mode
  ---
  duration_ms: 3.2634
  ...
# Subtest: fresh apply atomically records hashes and backup, preserves legacy rows, restart is no-op
ok 373 - fresh apply atomically records hashes and backup, preserves legacy rows, restart is no-op
  ---
  duration_ms: 370.4463
  ...
# Subtest: matching untracked prefix requires adoption and does not rerun existing migration
ok 374 - matching untracked prefix requires adoption and does not rerun existing migration
  ---
  duration_ms: 221.3451
  ...
# Subtest: failure at after_migration rolls back schema and tracking, retaining verified backup
ok 375 - failure at after_migration rolls back schema and tracking, retaining verified backup
  ---
  duration_ms: 241.2196
  ...
# Subtest: failure at before_commit rolls back schema and tracking, retaining verified backup
ok 376 - failure at before_commit rolls back schema and tracking, retaining verified backup
  ---
  duration_ms: 257.1005
  ...
# Subtest: stale plans fail before backup; changes after backup fail under lock without creating tracking
ok 377 - stale plans fail before backup; changes after backup fail under lock without creating tracking
  ---
  duration_ms: 144.6931
  ...
# Subtest: tampered provenance fails closed even when seasonal DDL matches
ok 378 - tampered provenance fails closed even when seasonal DDL matches
  ---
  duration_ms: 201.8891
  ...
# Subtest: adoption interruption preserves existing prefix without writing either tracking table
ok 379 - adoption interruption preserves existing prefix without writing either tracking table
  ---
  duration_ms: 236.3203
  ...
# Subtest: competing reviewed runners cannot duplicate tracking or reapply migrations
ok 380 - competing reviewed runners cannot duplicate tracking or reapply migrations
  ---
  duration_ms: 228.9691
  ...
# Subtest: disk/WAL backups restore economy receipts and ambiguous delivery state; reverse rollback preserves existing accounts
ok 381 - disk/WAL backups restore economy receipts and ambiguous delivery state; reverse rollback preserves existing accounts
  ---
  duration_ms: 581.3989
  ...
# Subtest: backup/migration rehearsal failure closes SQLite handles and removes only generated artifacts
ok 382 - backup/migration rehearsal failure closes SQLite handles and removes only generated artifacts
  ---
  duration_ms: 546.395
  ...
# Subtest: parallel storage rehearsals use separate generated databases and both clean up
ok 383 - parallel storage rehearsals use separate generated databases and both clean up
  ---
  duration_ms: 421.0432
  ...
# Subtest: CLI requires explicit development/stopped writers and rejects targets, apply/down and inherited production/test
ok 384 - CLI requires explicit development/stopped writers and rejects targets, apply/down and inherited production/test
  ---
  duration_ms: 3.8138
  ...
# Subtest: target selection rejects missing, forged, production, symlink and hardlinked storage without creating a database
ok 385 - target selection rejects missing, forged, production, symlink and hardlinked storage without creating a database
  ---
  duration_ms: 194.8698
  ...
# Subtest: readonly status classifies absent, matching prefix and complete schema without changing rows/tracking
ok 386 - readonly status classifies absent, matching prefix and complete schema without changing rows/tracking
  ---
  duration_ms: 139.7657
  ...
# Subtest: partial groups, non-prefix migrations, changed constraints and missing indexes require review
ok 387 - partial groups, non-prefix migrations, changed constraints and missing indexes require review
  ---
  duration_ms: 266.299
  ...
# Subtest: existing migration tracking is read and cross-checked; gaps/stale tracker never get adopted automatically
ok 388 - existing migration tracking is read and cross-checked; gaps/stale tracker never get adopted automatically
  ---
  duration_ms: 142.6131
  ...
# Subtest: exclusive WAL backup from readonly source preserves existing data and writes a verified secret-free manifest
ok 389 - exclusive WAL backup from readonly source preserves existing data and writes a verified secret-free manifest
  ---
  duration_ms: 229.4794
  ...
# Subtest: backup rejects linked directories and preserves an interrupted backup failure record without applying migrations
ok 390 - backup rejects linked directories and preserves an interrupted backup failure record without applying migrations
  ---
  duration_ms: 90.5097
  ...
# Subtest: target is revalidated after selection and cannot later be redirected through a hardlink
ok 391 - target is revalidated after selection and cannot later be redirected through a hardlink
  ---
  duration_ms: 65.3813
  ...
# Subtest: foreign-key violations block a backup before allocation and preserve the source for inspection
ok 392 - foreign-key violations block a backup before allocation and preserve the source for inspection
  ---
  duration_ms: 95.3392
  ...
# Subtest: three choices enforce ownership and acknowledge one selection before finishing
ok 393 - three choices enforce ownership and acknowledge one selection before finishing
  ---
  duration_ms: 10.7458
  ...
# Subtest: timeout uses a frozen displayed fallback; acknowledgement failure cannot select
ok 394 - timeout uses a frozen displayed fallback; acknowledgement failure cannot select
  ---
  duration_ms: 2.9554
  ...
# Subtest: random sampling is without replacement and can select every candidate
ok 395 - random sampling is without replacement and can select every candidate
  ---
  duration_ms: 3.3325
  ...
# Subtest: nonparticipant theft materializes only chosen victim, excludes self/bots, includes admin and strips mention text
ok 396 - nonparticipant theft materializes only chosen victim, excludes self/bots, includes admin and strips mention text
  ---
  duration_ms: 236.3646
  ...
# Subtest: heist picks random distinct funded victims and limits credit to caller capacity
ok 397 - heist picks random distinct funded victims and limits credit to caller capacity
  ---
  duration_ms: 127.1516
  ...
# Subtest: protection lasts exactly to expiry, includes both resources and ignores another guild effects
ok 398 - protection lasts exactly to expiry, includes both resources and ignores another guild effects
  ---
  duration_ms: 46.7026
  ...
# Subtest: Eye victim needs registration/funds but no activity; theft converts at five and replay does not steal twice
ok 399 - Eye victim needs registration/funds but no activity; theft converts at five and replay does not steal twice
  ---
  duration_ms: 54.125
  ...
# Subtest: solo Eye pool finds one; protected victim blocks theft without inventing an Eye; no candy target gives paid no-effect without minting candy
ok 400 - solo Eye pool finds one; protected victim blocks theft without inventing an Eye; no candy target gives paid no-effect without minting candy
  ---
  duration_ms: 97.1267
  ...
# Subtest: concurrent last-Eye theft transfers once; next action finds rather than spending a nonexistent Eye
ok 401 - concurrent last-Eye theft transfers once; next action finds rather than spending a nonexistent Eye
  ---
  duration_ms: 61.8438
  ...
# Subtest: membership or RNG/award errors roll back action cost and never mint a fallback Eye
ok 402 - membership or RNG/award errors roll back action cost and never mint a fallback Eye
  ---
  duration_ms: 71.471
  ...
# Subtest: lazy funding uses due refill but an exhausted victim is skipped without extra materialization
ok 403 - lazy funding uses due refill but an exhausted victim is skipped without extra materialization
  ---
  duration_ms: 57.7961
  ...
# Subtest: every nonempty ownership set maps to its shipped PNG, independent of input order
ok 404 - every nonempty ownership set maps to its shipped PNG, independent of input order
  ---
  duration_ms: 115.9104
  ...
# Subtest: attachment resolution rejects arbitrary paths and leaves durable payload JSON portable
ok 405 - attachment resolution rejects arbitrary paths and leaves durable payload JSON portable
  ---
  duration_ms: 0.8739
  ...
# Subtest: public reveal uses saved cumulative ownership; duplicate keeps circle, old award has single-piece fallback
ok 406 - public reveal uses saved cumulative ownership; duplicate keeps circle, old award has single-piece fallback
  ---
  duration_ms: 6.1891
  ...
# Subtest: admin acknowledgement resolves attachment CDN URLs only against trusted matching filenames
ok 407 - admin acknowledgement resolves attachment CDN URLs only against trusted matching filenames
  ---
  duration_ms: 1.4093
  ...
# Subtest: duplicate progress uses saved cumulative token thumbnail and numbered player labels
ok 408 - duplicate progress uses saved cumulative token thumbnail and numbered player labels
  ---
  duration_ms: 2.4229
  ...
# Subtest: all nine candy outcomes conserve candy, charge once, freeze receipts and replay without a second debit
ok 409 - all nine candy outcomes conserve candy, charge once, freeze receipts and replay without a second debit
  ---
  duration_ms: 637.8743
  ...
# Subtest: raid rounding, ransom, nearby swaps and conditional chain have their distinct bounded results
ok 410 - raid rounding, ransom, nearby swaps and conditional chain have their distinct bounded results
  ---
  duration_ms: 151.6167
  ...
# Subtest: persistent hole adds ceiling25% up to2, preserves conservation and repairs without a nickname change
ok 411 - persistent hole adds ceiling25% up to2, preserves conservation and repairs without a nickname change
  ---
  duration_ms: 144.6195
  ...
# Subtest: two-charge shield blocks the breaking hit, restores original nickname and never charges replay twice
ok 412 - two-charge shield blocks the breaking hit, restores original nickname and never charges replay twice
  ---
  duration_ms: 156.0758
  ...
# Subtest: shields deny Crown theft with no role/currency award; breaking attempt is still denied
ok 413 - shields deny Crown theft with no role/currency award; breaking attempt is still denied
  ---
  duration_ms: 164.5881
  ...
# Subtest: shield survives12h at most and hole/shield writes rollback together on failure
ok 414 - shield survives12h at most and hole/shield writes rollback together on failure
  ---
  duration_ms: 116.7045
  ...
# Subtest: full receivers and tiny sources never lose unmoved candy; unregistered heavy targets are not enrolled
ok 415 - full receivers and tiny sources never lose unmoved candy; unregistered heavy targets are not enrolled
  ---
  duration_ms: 93.0884
  ...
# Subtest: multi-recipient attacks spend one shield charge per victim and block every transfer including the popping hit
ok 416 - multi-recipient attacks spend one shield charge per victim and block every transfer including the popping hit
  ---
  duration_ms: 121.104
  ...
# Subtest: hole amplification is aggregated per victim, bounded by room/funds, skipped for balancing swaps, and expires
ok 417 - hole amplification is aggregated per victim, bounded by room/funds, skipped for balancing swaps, and expires
  ---
  duration_ms: 162.5156
  ...
# Subtest: shields absorb curse, reversal, and hole attacks before any role or nickname mutation
ok 418 - shields absorb curse, reversal, and hole attacks before any role or nickname mutation
  ---
  duration_ms: 154.5433
  ...
# Subtest: three-charge strengths freeze on grant/replay and legacy shields retain their original expiry
ok 419 - three-charge strengths freeze on grant/replay and legacy shields retain their original expiry
  ---
  duration_ms: 90.5059
  ...
# Subtest: new heavy attacks choose registered players only; unavailable funded targets refund the whole operation
ok 420 - new heavy attacks choose registered players only; unavailable funded targets refund the whole operation
  ---
  duration_ms: 85.9013
  ...
# Subtest: blocked Crown capture earns no prestige/capture bonus or Fate currency and uses requested public failure wording
ok 421 - blocked Crown capture earns no prestige/capture bonus or Fate currency and uses requested public failure wording
  ---
  duration_ms: 1241.6754
  ...
# Subtest: protection repairs a damaged bag without granting a shield, even when no curse role can be managed; closure removes holes
ok 422 - protection repairs a damaged bag without granting a shield, even when no curse role can be managed; closure removes holes
  ---
  duration_ms: 119.9908
  ...
# Subtest: conditional follow-ups stop at their boundaries and use distinct victims
ok 423 - conditional follow-ups stop at their boundaries and use distinct victims
  ---
  duration_ms: 184.7498
  ...
# Subtest: overall Scream Supreme combines both tracks, waits for announced time and awards only one title
ok 424 - overall Scream Supreme combines both tracks, waits for announced time and awards only one title
  ---
  duration_ms: 295.298
  ...
# Subtest: winner configuration is disabled/incomplete by default and rejects unsafe or reused titles/roles
ok 425 - winner configuration is disabled/incomplete by default and rejects unsafe or reused titles/roles
  ---
  duration_ms: 1.2188
  ...
# Subtest: invalid optional winner settings block titles while preserving legacy delivery and completed maintenance
ok 426 - invalid optional winner settings block titles while preserving legacy delivery and completed maintenance
  ---
  duration_ms: 0.5738
  ...
# Subtest: closure award operation grants shared titles/both tracks once from the saved proof, survives restart and deletion
ok 427 - closure award operation grants shared titles/both tracks once from the saved proof, survives restart and deletion
  ---
  duration_ms: 122.1608
  ...
# Subtest: disabled/upcoming/active and missing snapshot/archive do not consume award identity or touch Discord
ok 428 - disabled/upcoming/active and missing snapshot/archive do not consume award identity or touch Discord
  ---
  duration_ms: 14.2651
  ...
# Subtest: empty tracks announce no qualifying players without creating roles; pages bound large shared ties
ok 429 - empty tracks announce no qualifying players without creating roles; pages bound large shared ties
  ---
  duration_ms: 42.349
  ...
# Subtest: permission/member failures retry desired role safely; crash after applied role does not apply twice
ok 430 - permission/member failures retry desired role safely; crash after applied role does not apply twice
  ---
  duration_ms: 73.0567
  ...
# Subtest: lookup failure retries pending announcement; ambiguous send requires inspection and never auto-resends
ok 431 - lookup failure retries pending announcement; ambiguous send requires inspection and never auto-resends
  ---
  duration_ms: 41.4152
  ...
# Subtest: configuration drift/disable blocks all role paths without requeuing or overwriting frozen intents
ok 432 - configuration drift/disable blocks all role paths without requeuing or overwriting frozen intents
  ---
  duration_ms: 71.2744
  ...
# Subtest: title guard rejects foreign or forged winner intents; channel owner is rechecked before send
ok 433 - title guard rejects foreign or forged winner intents; channel owner is rechecked before send
  ---
  duration_ms: 52.3672
  ...
# Subtest: corrupt proof/notification enqueue failure rolls back all award intents and corrected retry succeeds
ok 434 - corrupt proof/notification enqueue failure rolls back all award intents and corrected retry succeeds
  ---
  duration_ms: 72.0686
  ...
# Subtest: title admin retry/acknowledgement uses scoped evidence and preserves cancellation through award replay
ok 435 - title admin retry/acknowledgement uses scoped evidence and preserves cancellation through award replay
  ---
  duration_ms: 69.307
  ...
# Subtest: winner role permission checks awarded-role hierarchy and permits the owner
ok 436 - winner role permission checks awarded-role hierarchy and permits the owner
  ---
  duration_ms: 1.0156
  ...
# Subtest: award failure isolation preserves completed maintenance and propagates root cleanup failure
ok 437 - award failure isolation preserves completed maintenance and propagates root cleanup failure
  ---
  duration_ms: 0.3912
  ...
# Subtest: delayed member/channel lookups recheck guards before external writes or announcements
ok 438 - delayed member/channel lookups recheck guards before external writes or announcements
  ---
  duration_ms: 60.1515
  ...
# Subtest: combined closure proof retains actual action totals and approved crown/heist bonuses
ok 439 - combined closure proof retains actual action totals and approved crown/heist bonuses
  ---
  duration_ms: 230.2678
  ...
# Subtest: closure freezes tied leaders/admins/both titles and excludes inactive registrants atomically
ok 440 - closure freezes tied leaders/admins/both titles and excludes inactive registrants atomically
  ---
  duration_ms: 89.7145
  ...
# Subtest: empty tracks have no winner; zero/negative actual actors qualify over inactive zeroes
ok 441 - empty tracks have no winner; zero/negative actual actors qualify over inactive zeroes
  ---
  duration_ms: 76.0963
  ...
# Subtest: frozen receipt survives restart/concurrent workers and later participant edits/deletion
ok 442 - frozen receipt survives restart/concurrent workers and later participant edits/deletion
  ---
  duration_ms: 53.4031
  ...
# Subtest: snapshot failure rolls back cleanup and archive; corrected evidence succeeds with the same root key
ok 443 - snapshot failure rolls back cleanup and archive; corrected evidence succeeds with the same root key
  ---
  duration_ms: 40.8858
  ...
# Subtest: generation identity excludes pre-reset actions even at the same timestamp; legacy entries remain readable
ok 444 - generation identity excludes pre-reset actions even at the same timestamp; legacy entries remain readable
  ---
  duration_ms: 51.3104
  ...
# Subtest: foreign scope and post-October ledgers cannot qualify; corrupt scoring evidence fails safely
ok 445 - foreign scope and post-October ledgers cannot qualify; corrupt scoring evidence fails safely
  ---
  duration_ms: 40.2711
  ...
# Subtest: disabled/active snapshot guards, invalid existing proof and late archive catch-up
ok 446 - disabled/active snapshot guards, invalid existing proof and late archive catch-up
  ---
  duration_ms: 33.3798
  ...
1..446
# tests 446
# suites 0
# pass 446
# fail 0
# cancelled 0
# skipped 0
# todo 0
# duration_ms 106693.2267
